Workbook

Sheet Integrated ROM
A1: Phase | B1: Task | C1: Scope / Description | D1: Totals | E1: Dev 1 - Frontend | F1: Dev 2 - Backend | G1: Dev 3 - Design | H1: Dev 3 - .NET | I1: Dev 4 - Testing | J1: PM | K1: CM | L1: PD
A2: Mobilisation | B2: Initiation and Scope Confirmation | C2: Confirm objectives, production scope, stakeholders, constraints and acceptance approach. | D2: =SUM(E2:L2) | E2: 8 | F2: 8 | G2: 4 | H2: 0 | I2: 0 | J2: 60 | K2: 0 | L2: 0
A3: Mobilisation | B3: Project Governance and Planning | C3: Delivery governance, reporting, RAID management, scheduling and commercial coordination. | D3: =SUM(E3:L3) | E3: 0 | F3: 0 | G3: 0 | H3: 0 | I3: 0 | J3: 40 | K3: 0 | L3: 40
A4: Mobilisation | B4: Requirements Gathering / Targeted Workshops | C4: Validate tool scope, user journeys, data, symbols, access rules and non-functional requirements. | D4: =SUM(E4:L4) | E4: 8 | F4: 8 | G4: 24 | H4: 0 | I4: 0 | J4: 24 | K4: 0 | L4: 16
A5: Foundation | B5: Backend spatial API | C5: Productionise FastAPI/PostGIS spatial services, contracts, validation, paging and shared geospatial operations. | D5: =SUM(E5:L5) | E5: 16 | F5: 160 | G5: 8 | H5: 0 | I5: 0 | J5: 16 | K5: 0 | L5: 0
A6: Foundation | B6: Frontend web application base | C6: Production React/OpenLayers application shell, routing, state, error handling and shared components. | D6: =SUM(E6:L6) | E6: 80 | F6: 0 | G6: 0 | H6: 0 | I6: 0 | J6: 0 | K6: 0 | L6: 0
A7: Foundation | B7: UI | C7: Design system, responsive layouts, ribbon framework, panels, accessibility and consistent interaction patterns. | D7: =SUM(E7:L7) | E7: 20 | F7: 20 | G7: 80 | H7: 0 | I7: 0 | J7: 16 | K7: 0 | L7: 0
A8: Application Tools | B8: Search | C8: Ribbon / contextual tool group
A9: Search | B9: Universal search box | C9: Search addresses, parcels/SPI, localities and configured datasets; autocomplete, keyboard submission, result categories, map navigation and error handling. | D9: =SUM(E9:L9) | E9: 48 | F9: 80 | G9: 16 | H9: 0 | I9: 16 | J9: 0 | K9: 0 | L9: 0
A10: Application Tools | B10: Search subtotal | D10: =SUM(D9:D9) | E10: =SUM(E9:E9) | F10: =SUM(F9:F9) | G10: =SUM(G9:G9) | H10: =SUM(H9:H9) | I10: =SUM(I9:I9) | J10: =SUM(J9:J9) | K10: =SUM(K9:K9) | L10: =SUM(L9:L9)
A11: Application Tools | B11: Home Tab | C11: Ribbon / contextual tool group
A12: Home Tab | B12: Open project | C12: Load a saved map session containing layers, extent, filters, drawings and other supported state. | D12: =SUM(E12:L12) | E12: 16 | F12: 16 | G12: 4 | H12: 0 | I12: 4 | J12: 0 | K12: 0 | L12: 0
A13: Home Tab | B13: Save project | C13: Persist the current map session for the authenticated user. | D13: =SUM(E13:L13) | E13: 16 | F13: 24 | G13: 4 | H13: 0 | I13: 4 | J13: 0 | K13: 0 | L13: 0
A14: Home Tab | B14: Save project as | C14: Copy an existing project under a new name. | D14: =SUM(E14:L14) | E14: 8 | F14: 4 | G14: 0 | H14: 0 | I14: 4 | J14: 0 | K14: 0 | L14: 0
A15: Home Tab | B15: Initial View | C15: Return the map to its configured startup extent and state. | D15: =SUM(E15:L15) | E15: 4 | F15: 0 | G15: 0 | H15: 0 | I15: 4 | J15: 0 | K15: 0 | L15: 0
A16: Home Tab | B16: Home panel | C16: Welcome content, application description, release information and useful links. | D16: =SUM(E16:L16) | E16: 8 | F16: 0 | G16: 4 | H16: 0 | I16: 4 | J16: 0 | K16: 0 | L16: 0
A17: Home Tab | B17: Previous Extent | C17: Navigate backwards through map extent history. | D17: =SUM(E17:L17) | E17: 12 | F17: 0 | G17: 0 | H17: 0 | I17: 4 | J17: 0 | K17: 0 | L17: 0
A18: Home Tab | B18: Next Extent | C18: Navigate forwards through map extent history. | D18: =SUM(E18:L18) | E18: 4 | F18: 0 | G18: 0 | H18: 0 | I18: 4 | J18: 0 | K18: 0 | L18: 0
A19: Home Tab | B19: Zoom to XY | C19: Navigate using latitude/longitude, Vicgrid, MGA and supported coordinate formats. | D19: =SUM(E19:L19) | E19: 12 | F19: 4 | G19: 4 | H19: 0 | I19: 4 | J19: 0 | K19: 0 | L19: 0
A20: Home Tab | B20: Zones ON/OFF | C20: Efficiently toggle all configured planning-zone layers. | D20: =SUM(E20:L20) | E20: 8 | F20: 4 | G20: 0 | H20: 0 | I20: 4 | J20: 0 | K20: 0 | L20: 0
A21: Home Tab | B21: Overlays ON/OFF | C21: Efficiently toggle all configured planning-overlay layers. | D21: =SUM(E21:L21) | E21: 8 | F21: 4 | G21: 0 | H21: 0 | I21: 4 | J21: 0 | K21: 0 | L21: 0
A22: Home Tab | B22: Identify launcher | C22: Home-tab entry point into the shared Identify tool. | D22: =SUM(E22:L22) | E22: 4 | F22: 0 | G22: 0 | H22: 0 | I22: 4 | J22: 0 | K22: 0 | L22: 0
A23: Home Tab | B23: Google Street View | C23: Launch and synchronise Street View position and direction with the map. | D23: =SUM(E23:L23) | E23: 32 | F23: 16 | G23: 8 | H23: 0 | I23: 8 | J23: 0 | K23: 0 | L23: 0
... A33: Home Tab | B33: Help Videos | C33: Contextual links or embedded videos for important workflows. | D33: =SUM(E33:L33) | E33: 4 | F33: 0 | G33: 4 | H33: 0 | I33: 0 | J33: 0 | K33: 0 | L33: 0
A34: Application Tools | B34: Home Tab subtotal | D34: =SUM(D12:D33) | E34: =SUM(E12:E33) | F34: =SUM(F12:F33) | G34: =SUM(G12:G33) | H34: =SUM(H12:H33) | I34: =SUM(I12:I33) | J34: =SUM(J12:J33) | K34: =SUM(K12:K33) | L34: =SUM(L12:L33)
A35: Application Tools | B35: Map Tab | C35: Ribbon / contextual tool group
A36: Map Tab | B36: Layer Catalogue | C36: Search, browse and add authorised datasets using catalogue metadata and categories. | D36: =SUM(E36:L36) | E36: 40 | F36: 40 | G36: 16 | H36: 0 | I36: 8 | J36: 0 | K36: 0 | L36: 0
A37: Map Tab | B37: Layer List | C37: Groups, ordering, visibility, opacity, legend, scale restrictions and layer actions. | D37: =SUM(E37:L37) | E37: 64 | F37: 16 | G37: 16 | H37: 0 | I37: 16 | J37: 0 | K37: 0 | L37: 0
A38: Map Tab | B38: Time Slider | C38: Discover time-enabled layers and filter one or more layers by date, range or period. | D38: =SUM(E38:L38) | E38: 48 | F38: 32 | G38: 8 | H38: 0 | I38: 16 | J38: 0 | K38: 0 | L38: 0
A39: Map Tab | B39: Identify with options | C39: Point, rectangle, polygon and freehand identify; selectable layers, buffer and add/subtract result modes. | D39: =SUM(E39:L39) | E39: 48 | F39: 40 | G39: 8 | H39: 0 | I39: 16 | J39: 0 | K39: 0 | L39: 0
A40: Map Tab | B40: Query | C40: Visual attribute query builder with conditions, validation, paging and result actions. | D40: =SUM(E40:L40) | E40: 40 | F40: 40 | G40: 8 | H40: 0 | I40: 8 | J40: 0 | K40: 0 | L40: 0
A41: Map Tab | B41: Zone Intersect | C41: Intersect a property or drawing with planning zones and summarise area by zone. | D41: =SUM(E41:L41) | E41: 24 | F41: 32 | G41: 0 | H41: 0 | I41: 8 | J41: 0 | K41: 0 | L41: 0
A42: Map Tab | B42: Overlay Intersect | C42: Intersect a property or drawing with planning overlays and summarise area by overlay. | D42: =SUM(E42:L42) | E42: 24 | F42: 32 | G42: 0 | H42: 0 | I42: 8 | J42: 0 | K42: 0 | L42: 0
A43: Map Tab | B43: Amendment Search | C43: Planning scheme and amendment autocomplete, status/type criteria and map navigation. | D43: =SUM(E43:L43) | E43: 24 | F43: 32 | G43: 0 | H43: 0 | I43: 8 | J43: 0 | K43: 0 | L43: 0
A44: Map Tab | B44: Heritage Overlay Search | C44: Search by LGA and heritage-overlay number, activate the layer and zoom to results. | D44: =SUM(E44:L44) | E44: 24 | F44: 24 | G44: 0 | H44: 0 | I44: 8 | J44: 0 | K44: 0 | L44: 0
A45: Map Tab | B45: Generic Layer Filter | C45: Create and apply attribute conditions that restrict the displayed features of a layer. | D45: =SUM(E45:L45) | E45: 24 | F45: 32 | G45: 0 | H45: 0 | I45: 8 | J45: 0 | K45: 0 | L45: 0
A46: Map Tab | B46: Filter Overlays | C46: Filter overlay layers by schedule or subtype, such as ESO1. | D46: =SUM(E46:L46) | E46: 24 | F46: 16 | G46: 0 | H46: 0 | I46: 8 | J46: 0 | K46: 0 | L46: 0
A47: Map Tab | B47: Filter Zones | C47: Filter zone layers by schedule or subtype, such as LDRZ1. | D47: =SUM(E47:L47) | E47: 24 | F47: 16 | G47: 0 | H47: 0 | I47: 8 | J47: 0 | K47: 0 | L47: 0
... A49: Map Tab | B49: Upload Data | C49: Validate and load CSV, XLSX, KML, GeoJSON and zipped Shapefile data into the user session. | D49: =SUM(E49:L49) | E49: 40 | F49: 64 | G49: 8 | H49: 0 | I49: 16 | J49: 0 | K49: 0 | L49: 0
A50: Application Tools | B50: Map Tab subtotal | D50: =SUM(D36:D49) | E50: =SUM(E36:E49) | F50: =SUM(F36:F49) | G50: =SUM(G36:G49) | H50: =SUM(H36:H49) | I50: =SUM(I36:I49) | J50: =SUM(J36:J49) | K50: =SUM(K36:K49) | L50: =SUM(L36:L49)
A51: Application Tools | B51: Tools Tab | C51: Ribbon / contextual tool group
A52: Tools Tab | B52: Measure distance/area | C52: Draw distance and area measurements, display segment values and optionally snap to configured layers. | D52: =SUM(E52:L52) | E52: 40 | F52: 16 | G52: 8 | H52: 0 | I52: 8 | J52: 0 | K52: 0 | L52: 0
A53: Tools Tab | B53: Drawing tool | C53: Add points, lines, polygons, circles, text and other map markups. | D53: =SUM(E53:L53) | E53: 48 | F53: 8 | G53: 16 | H53: 0 | I53: 8 | J53: 0 | K53: 0 | L53: 0
A54: Tools Tab | B54: Edit Drawing | C54: Move vertices, reshape drawings, edit text and change styles. | D54: =SUM(E54:L54) | E54: 32 | F54: 8 | G54: 8 | H54: 0 | I54: 8 | J54: 0 | K54: 0 | L54: 0
A55: Tools Tab | B55: Erase Drawing | C55: Select and remove an individual drawing. | D55: =SUM(E55:L55) | E55: 4 | F55: 0 | G55: 0 | H55: 0 | I55: 4 | J55: 0 | K55: 0 | L55: 0
A56: Tools Tab | B56: Clear Drawings | C56: Remove all drawings following confirmation. | D56: =SUM(E56:L56) | E56: 4 | F56: 0 | G56: 0 | H56: 0 | I56: 4 | J56: 0 | K56: 0 | L56: 0
A57: Tools Tab | B57: Export Drawing | C57: Export drawings and their attributes as supported spatial files. | D57: =SUM(E57:L57) | E57: 16 | F57: 40 | G57: 0 | H57: 0 | I57: 8 | J57: 0 | K57: 0 | L57: 0
A58: Tools Tab | B58: Definition Plan | C58: Generate zone, overlay or BPA definition plans from an address or parcel. | D58: =SUM(E58:L58) | E58: 32 | F58: 64 | G58: 8 | H58: 0 | I58: 8 | J58: 0 | K58: 0 | L58: 0
A59: Tools Tab | B59: Get Property Area | C59: Select a property and calculate authoritative area and perimeter values. | D59: =SUM(E59:L59) | E59: 16 | F59: 16 | G59: 0 | H59: 0 | I59: 8 | J59: 0 | K59: 0 | L59: 0
A60: Tools Tab | B60: Land Calculator | C60: Compare property area with a user-drawn area and report differences and percentages. | D60: =SUM(E60:L60) | E60: 24 | F60: 32 | G60: 0 | H60: 0 | I60: 8 | J60: 0 | K60: 0 | L60: 0
A61: Tools Tab | B61: Average Lot Size | C61: Select multiple properties and calculate count, total area and average lot size. | D61: =SUM(E61:L61) | E61: 24 | F61: 32 | G61: 0 | H61: 0 | I61: 8 | J61: 0 | K61: 0 | L61: 0
A62: Tools Tab | B62: AMG Coordinate Tool | C62: Accept heritage AMG/MGA northing and easting values and navigate to the transformed location. | D62: =SUM(E62:L62) | E62: 16 | F62: 8 | G62: 0 | H62: 0 | I62: 8 | J62: 0 | K62: 0 | L62: 0
A63: Tools Tab | B63: Heritage Overlay Search launcher | C63: Tools-tab entry point into the shared Heritage Overlay Search. | D63: =SUM(E63:L63) | E63: 4 | F63: 0 | G63: 0 | H63: 0 | I63: 4 | J63: 0 | K63: 0 | L63: 0
A64: Application Tools | B64: Tools Tab subtotal | D64: =SUM(D52:D63) | E64: =SUM(E52:E63) | F64: =SUM(F52:F63) | G64: =SUM(G52:G63) | H64: =SUM(H52:H63) | I64: =SUM(I52:I63) | J64: =SUM(J52:J63) | K64: =SUM(K52:K63) | L64: =SUM(L52:L63)
A65: Application Tools | B65: Advanced Tools Tab | C65: Ribbon / contextual tool group
A66: Advanced Tools Tab | B66: Redevelopment Summary | C66: Select LGA, postcode or locality and produce redevelopment counts, dwellings, tables and charts. | D66: =SUM(E66:L66) | E66: 24 | F66: 40 | G66: 8 | H66: 0 | I66: 8 | J66: 0 | K66: 0 | L66: 0
A67: Advanced Tools Tab | B67: Broadhectare Summary | C67: Summarise broadhectare lots and development timing by selected geography. | D67: =SUM(E67:L67) | E67: 24 | F67: 40 | G67: 8 | H67: 0 | I67: 8 | J67: 0 | K67: 0 | L67: 0
A68: Advanced Tools Tab | B68: HDD Summary | C68: Summarise housing-development stock, dwellings and average lot size by property or planning zone. | D68: =SUM(E68:L68) | E68: 24 | F68: 40 | G68: 8 | H68: 0 | I68: 8 | J68: 0 | K68: 0 | L68: 0
A69: Advanced Tools Tab | B69: Heritage Bushfire Select | C69: Intersect heritage sites with live bushfire-affected areas and present actionable results. | D69: =SUM(E69:L69) | E69: 24 | F69: 56 | G69: 0 | H69: 0 | I69: 16 | J69: 0 | K69: 0 | L69: 0
A70: Advanced Tools Tab | B70: Zone Filter launcher | C70: Advanced-tab entry point into the shared zone filter. | D70: =SUM(E70:L70) | E70: 4 | F70: 0 | G70: 0 | H70: 0 | I70: 4 | J70: 0 | K70: 0 | L70: 0
A71: Advanced Tools Tab | B71: Overlay Filter launcher | C71: Advanced-tab entry point into the shared overlay filter. | D71: =SUM(E71:L71) | E71: 4 | F71: 0 | G71: 0 | H71: 0 | I71: 4 | J71: 0 | K71: 0 | L71: 0
A72: Advanced Tools Tab | B72: Clear Filter launcher | C72: Advanced-tab entry point into shared filter clearing. | D72: =SUM(E72:L72) | E72: 4 | F72: 0 | G72: 0 | H72: 0 | I72: 4 | J72: 0 | K72: 0 | L72: 0
A73: Advanced Tools Tab | B73: Zone Intersect launcher | C73: Advanced-tab entry point into the shared zone intersection workflow. | D73: =SUM(E73:L73) | E73: 4 | F73: 0 | G73: 0 | H73: 0 | I73: 4 | J73: 0 | K73: 0 | L73: 0
A74: Advanced Tools Tab | B74: Overlay Intersect launcher | C74: Advanced-tab entry point into the shared overlay intersection workflow. | D74: =SUM(E74:L74) | E74: 4 | F74: 0 | G74: 0 | H74: 0 | I74: 4 | J74: 0 | K74: 0 | L74: 0
A75: Advanced Tools Tab | B75: Imagery Search | C75: Search imagery by map location, extent, name and date; preview and add selected datasets. | D75: =SUM(E75:L75) | E75: 48 | F75: 72 | G75: 8 | H75: 0 | I75: 16 | J75: 0 | K75: 0 | L75: 0
A76: Advanced Tools Tab | B76: Clear Imagery | C76: Remove imagery added by the imagery-search workflow. | D76: =SUM(E76:L76) | E76: 8 | F76: 4 | G76: 0 | H76: 0 | I76: 4 | J76: 0 | K76: 0 | L76: 0
A77: Application Tools | B77: Advanced Tools Tab subtotal | D77: =SUM(D66:D76) | E77: =SUM(E66:E76) | F77: =SUM(F66:F76) | G77: =SUM(G66:G76) | H77: =SUM(H66:H76) | I77: =SUM(I66:I76) | J77: =SUM(J66:J76) | K77: =SUM(K66:K76) | L77: =SUM(L66:L76)
A78: Application Tools | B78: Outside Toolbar | C78: Ribbon / contextual tool group
A79: Outside Toolbar | B79: Area Measure action | C79: Make authoritative area and perimeter measurement visible in selected-feature actions. | D79: =SUM(E79:L79) | E79: 4 | F79: 0 | G79: 0 | H79: 0 | I79: 4 | J79: 0 | K79: 0 | L79: 0
A80: Outside Toolbar | B80: Buffering | C80: Buffer selected features or drawings by a user-entered distance and retain the generated geometry. | D80: =SUM(E80:L80) | E80: 24 | F80: 24 | G80: 0 | H80: 0 | I80: 8 | J80: 0 | K80: 0 | L80: 0
A81: Outside Toolbar | B81: Export selected data | C81: Export selected records or geometry to CSV, XLSX, GeoJSON, KML or zipped Shapefile. | D81: =SUM(E81:L81) | E81: 32 | F81: 56 | G81: 8 | H81: 0 | I81: 16 | J81: 0 | K81: 0 | L81: 0
A82: Outside Toolbar | B82: Table View | C82: Spreadsheet-style results with paging, sorting, filtering, selection and map synchronisation. | D82: =SUM(E82:L82) | E82: 64 | F82: 24 | G82: 8 | H82: 0 | I82: 16 | J82: 0 | K82: 0 | L82: 0
A83: Outside Toolbar | B83: Overview Map | C83: State-wide overview map with movable current-extent frame. | D83: =SUM(E83:L83) | E83: 24 | F83: 0 | G83: 8 | H83: 0 | I83: 8 | J83: 0 | K83: 0 | L83: 0
A84: Outside Toolbar | B84: Layer Themes | C84: Apply predefined layer groups and visibility combinations. | D84: =SUM(E84:L84) | E84: 32 | F84: 8 | G84: 8 | H84: 0 | I84: 8 | J84: 0 | K84: 0 | L84: 0
A85: Outside Toolbar | B85: Layer search/filter | C85: Search the active layer hierarchy, including folders and nested layers. | D85: =SUM(E85:L85) | E85: 24 | F85: 8 | G85: 0 | H85: 0 | I85: 8 | J85: 0 | K85: 0 | L85: 0
A86: Outside Toolbar | B86: View Layer Metadata | C86: Show catalogue description, custodian, currency, licence, lineage and links. | D86: =SUM(E86:L86) | E86: 16 | F86: 8 | G86: 0 | H86: 0 | I86: 8 | J86: 0 | K86: 0 | L86: 0
A87: Outside Toolbar | B87: Zoom to Full Extent | C87: Navigate to a layer's complete configured extent. | D87: =SUM(E87:L87) | E87: 4 | F87: 0 | G87: 0 | H87: 0 | I87: 4 | J87: 0 | K87: 0 | L87: 0
A88: Outside Toolbar | B88: Zoom to Visible Extent | C88: Calculate and navigate to the extent of features currently visible after filtering. | D88: =SUM(E88:L88) | E88: 8 | F88: 0 | G88: 0 | H88: 0 | I88: 8 | J88: 0 | K88: 0 | L88: 0
A89: Outside Toolbar | B89: Custom Layer Styles | C89: User-defined colours, fills, outlines, sizes, opacity and classification. | D89: =SUM(E89:L89) | E89: 48 | F89: 24 | G89: 16 | H89: 0 | I89: 8 | J89: 0 | K89: 0 | L89: 0
A90: Outside Toolbar | B90: Custom Labels | C90: Attribute-driven labels, scale restrictions, placement and basic styling. | D90: =SUM(E90:L90) | E90: 48 | F90: 24 | G90: 16 | H90: 0 | I90: 8 | J90: 0 | K90: 0 | L90: 0
A91: Application Tools | B91: Outside Toolbar subtotal | D91: =SUM(D79:D90) | E91: =SUM(E79:E90) | F91: =SUM(F79:F90) | G91: =SUM(G79:G90) | H91: =SUM(H79:H90) | I91: =SUM(I79:I90) | J91: =SUM(J79:J90) | K91: =SUM(K79:K90) | L91: =SUM(L79:L90)
A92: Data & Platform | B92: Data processing and publishing pipelines | C92: Automated validation, transformation, loading, indexing, cache generation and controlled publication to environments. | D92: =SUM(E92:L92) | E92: 0 | F92: 120 | G92: 0 | H92: 0 | I92: 0 | J92: 8 | K92: 0 | L92: 0
A93: Data & Platform | B93: ArcGIS Pro configuration tool | C93: Authoring/configuration integration and any required .NET add-in or migration tooling. | D93: =SUM(E93:L93) | E93: 0 | F93: 80 | G93: 40 | H93: 120 | I93: 0 | J93: 0 | K93: 0 | L93: 0
A94: Data & Platform | B94: Security and user-management integration | C94: Identity provider integration, API authorisation, roles, groups and protected layer/data enforcement. | D94: =SUM(E94:L94) | E94: 24 | F94: 60 | G94: 0 | H94: 0 | I94: 0 | J94: 0 | K94: 0 | L94: 0
A95: Data & Platform | B95: Configuration and administration | C95: Administrative configuration for layers, tools, themes, access, application content and environment settings. | D95: =SUM(E95:L95) | E95: 40 | F95: 40 | G95: 0 | H95: 0 | I95: 0 | J95: 8 | K95: 0 | L95: 0
A96: Data & Platform | B96: Cloud infrastructure and deployment | C96: Production AWS infrastructure, IaC, networking, observability, backups, CI/CD and environment deployment. | D96: =SUM(E96:L96) | E96: 16 | F96: 104 | G96: 0 | H96: 0 | I96: 0 | J96: 0 | K96: 0 | L96: 0
A97: Assurance | B97: Production testing and hardening | C97: Performance, accessibility, security, resilience, compatibility and operational hardening. | D97: =SUM(E97:L97) | E97: 80 | F97: 80 | G97: 0 | H97: 0 | I97: 24 | J97: 0 | K97: 0 | L97: 0
A98: Transition | B98: UAT: Test Plan, Environment migration | C98: UAT planning/support, representative data, migration rehearsal, defect triage and business acceptance. | D98: =SUM(E98:L98) | E98: 8 | F98: 8 | G98: 8 | H98: 0 | I98: 32 | J98: 16 | K98: 0 | L98: 8
A99: Assurance | B99: Testing | C99: System, integration, regression and end-to-end testing across supported workflows and environments. | D99: =SUM(E99:L99) | E99: 24 | F99: 24 | G99: 0 | H99: 0 | I99: 120 | J99: 0 | K99: 0 | L99: 0
A100: Transition | B100: Environment Promotion | C100: Controlled promotion to higher environments with configuration, data and release verification. | D100: =SUM(E100:L100) | E100: 40 | F100: 40 | G100: 0 | H100: 0 | I100: 0 | J100: 0 | K100: 0 | L100: 0
A101: Transition | B101: Warranty / Hypercare | C101: Post-production monitoring, triage and remediation during the agreed warranty period. | D101: =SUM(E101:L101) | E101: 40 | F101: 40 | G101: 0 | H101: 0 | I101: 0 | J101: 0 | K101: 0 | L101: 0
A102: Transition | B102: Knowledge Transfer / Walkthrough | C102: Technical, administrative and operational walkthroughs with handover materials. | D102: =SUM(E102:L102) | E102: 8 | F102: 16 | G102: 0 | H102: 8 | I102: 0 | J102: 8 | K102: 0 | L102: 0
A103: Transition | B103: Documentation | C103: User, administrator, architecture, support, deployment and operational documentation. | D103: =SUM(E103:L103) | E103: 40 | F103: 40 | G103: 0 | H103: 40 | I103: 0 | J103: 40 | K103: 0 | L103: 0
A105: Summary | B105: Base estimate before contingency | C105: Detailed tools replace the overlapping legacy allowances; subtotal rows are excluded. | D105: =SUM(D2,D3,D4,D5,D6,D7,D9,D12,D13,D14,D15,D16,D17,D18,D19,D20,D21,D22,D23,D24,D25,D26,D27,D28,D29,D30,D31,D32,D33,D36,D37,D38,D39,D40,D41,D42,D43,D44,D45,D46,D47,D48,D49,D52,D53,D54,D55,D56,D57,D58,D59,D60,D61,D62,D63,D66,D67,D68,D69,D70,D71,D72,D73,D74,D75,D76,D79,D80,D81,D82,D83,D84,D85,D86,D87,D88,D89,D90,D92,D93,D94,D95,D96,D97,D98,D99,D100,D101,D102,D103) | E105: =SUM(E2,E3,E4,E5,E6,E7,E9,E12,E13,E14,E15,E16,E17,E18,E19,E20,E21,E22,E23,E24,E25,E26,E27,E28,E29,E30,E31,E32,E33,E36,E37,E38,E39,E40,E41,E42,E43,E44,E45,E46,E47,E48,E49,E52,E53,E54,E55,E56,E57,E58,E59,E60,E61,E62,E63,E66,E67,E68,E69,E70,E71,E72,E73,E74,E75,E76,E79,E80,E81,E82,E83,E84,E85,E86,E87,E88,E89,E90,E92,E93,E94,E95,E96,E97,E98,E99,E100,E101,E102,E103) | F105: =SUM(F2,F3,F4,F5,F6,F7,F9,F12,F13,F14,F15,F16,F17,F18,F19,F20,F21,F22,F23,F24,F25,F26,F27,F28,F29,F30,F31,F32,F33,F36,F37,F38,F39,F40,F41,F42,F43,F44,F45,F46,F47,F48,F49,F52,F53,F54,F55,F56,F57,F58,F59,F60,F61,F62,F63,F66,F67,F68,F69,F70,F71,F72,F73,F74,F75,F76,F79,F80,F81,F82,F83,F84,F85,F86,F87,F88,F89,F90,F92,F93,F94,F95,F96,F97,F98,F99,F100,F101,F102,F103) | G105: =SUM(G2,G3,G4,G5,G6,G7,G9,G12,G13,G14,G15,G16,G17,G18,G19,G20,G21,G22,G23,G24,G25,G26,G27,G28,G29,G30,G31,G32,G33,G36,G37,G38,G39,G40,G41,G42,G43,G44,G45,G46,G47,G48,G49,G52,G53,G54,G55,G56,G57,G58,G59,G60,G61,G62,G63,G66,G67,G68,G69,G70,G71,G72,G73,G74,G75,G76,G79,G80,G81,G82,G83,G84,G85,G86,G87,G88,G89,G90,G92,G93,G94,G95,G96,G97,G98,G99,G100,G101,G102,G103) | H105: =SUM(H2,H3,H4,H5,H6,H7,H9,H12,H13,H14,H15,H16,H17,H18,H19,H20,H21,H22,H23,H24,H25,H26,H27,H28,H29,H30,H31,H32,H33,H36,H37,H38,H39,H40,H41,H42,H43,H44,H45,H46,H47,H48,H49,H52,H53,H54,H55,H56,H57,H58,H59,H60,H61,H62,H63,H66,H67,H68,H69,H70,H71,H72,H73,H74,H75,H76,H79,H80,H81,H82,H83,H84,H85,H86,H87,H88,H89,H90,H92,H93,H94,H95,H96,H97,H98,H99,H100,H101,H102,H103) | I105: =SUM(I2,I3,I4,I5,I6,I7,I9,I12,I13,I14,I15,I16,I17,I18,I19,I20,I21,I22,I23,I24,I25,I26,I27,I28,I29,I30,I31,I32,I33,I36,I37,I38,I39,I40,I41,I42,I43,I44,I45,I46,I47,I48,I49,I52,I53,I54,I55,I56,I57,I58,I59,I60,I61,I62,I63,I66,I67,I68,I69,I70,I71,I72,I73,I74,I75,I76,I79,I80,I81,I82,I83,I84,I85,I86,I87,I88,I89,I90,I92,I93,I94,I95,I96,I97,I98,I99,I100,I101,I102,I103) | J105: =SUM(J2,J3,J4,J5,J6,J7,J9,J12,J13,J14,J15,J16,J17,J18,J19,J20,J21,J22,J23,J24,J25,J26,J27,J28,J29,J30,J31,J32,J33,J36,J37,J38,J39,J40,J41,J42,J43,J44,J45,J46,J47,J48,J49,J52,J53,J54,J55,J56,J57,J58,J59,J60,J61,J62,J63,J66,J67,J68,J69,J70,J71,J72,J73,J74,J75,J76,J79,J80,J81,J82,J83,J84,J85,J86,J87,J88,J89,J90,J92,J93,J94,J95,J96,J97,J98,J99,J100,J101,J102,J103) | K105: =SUM(K2,K3,K4,K5,K6,K7,K9,K12,K13,K14,K15,K16,K17,K18,K19,K20,K21,K22,K23,K24,K25,K26,K27,K28,K29,K30,K31,K32,K33,K36,K37,K38,K39,K40,K41,K42,K43,K44,K45,K46,K47,K48,K49,K52,K53,K54,K55,K56,K57,K58,K59,K60,K61,K62,K63,K66,K67,K68,K69,K70,K71,K72,K73,K74,K75,K76,K79,K80,K81,K82,K83,K84,K85,K86,K87,K88,K89,K90,K92,K93,K94,K95,K96,K97,K98,K99,K100,K101,K102,K103) | L105: =SUM(L2,L3,L4,L5,L6,L7,L9,L12,L13,L14,L15,L16,L17,L18,L19,L20,L21,L22,L23,L24,L25,L26,L27,L28,L29,L30,L31,L32,L33,L36,L37,L38,L39,L40,L41,L42,L43,L44,L45,L46,L47,L48,L49,L52,L53,L54,L55,L56,L57,L58,L59,L60,L61,L62,L63,L66,L67,L68,L69,L70,L71,L72,L73,L74,L75,L76,L79,L80,L81,L82,L83,L84,L85,L86,L87,L88,L89,L90,L92,L93,L94,L95,L96,L97,L98,L99,L100,L101,L102,L103)
A106: Summary | B106: Contingency (20%) | C106: ROM contingency applied to the base estimate. | D106: =ROUND(D105*20%,0) | E106: 292 | F106: 292 | G106: 116 | H106: 58 | I106: 175 | J106: 175 | K106: 0 | L106: 58
A107: Summary | B107: TOTAL INCLUDING CONTINGENCY | D107: =D105+D106 | E107: =E105+E106 | F107: =F105+F106 | G107: =G105+G106 | H107: =H105+H106 | I107: =I105+I106 | J107: =J105+J106 | K107: =K105+K106 | L107: =L105+L106

Sheet Ribbon Summary
A1: Ribbon area | B1: Total | C1: Dev 1 - Frontend | D1: Dev 2 - Backend | E1: Dev 3 - Design | F1: Dev 3 - .NET | G1: Dev 4 - Testing | H1: PM | I1: CM | J1: PD
A2: Search | B2: ='Integrated ROM'!D10 | C2: ='Integrated ROM'!E10 | D2: ='Integrated ROM'!F10 | E2: ='Integrated ROM'!G10 | F2: ='Integrated ROM'!H10 | G2: ='Integrated ROM'!I10 | H2: ='Integrated ROM'!J10 | I2: ='Integrated ROM'!K10 | J2: ='Integrated ROM'!L10
A3: Home Tab | B3: ='Integrated ROM'!D34 | C3: ='Integrated ROM'!E34 | D3: ='Integrated ROM'!F34 | E3: ='Integrated ROM'!G34 | F3: ='Integrated ROM'!H34 | G3: ='Integrated ROM'!I34 | H3: ='Integrated ROM'!J34 | I3: ='Integrated ROM'!K34 | J3: ='Integrated ROM'!L34
A4: Map Tab | B4: ='Integrated ROM'!D50 | C4: ='Integrated ROM'!E50 | D4: ='Integrated ROM'!F50 | E4: ='Integrated ROM'!G50 | F4: ='Integrated ROM'!H50 | G4: ='Integrated ROM'!I50 | H4: ='Integrated ROM'!J50 | I4: ='Integrated ROM'!K50 | J4: ='Integrated ROM'!L50
A5: Tools Tab | B5: ='Integrated ROM'!D64 | C5: ='Integrated ROM'!E64 | D5: ='Integrated ROM'!F64 | E5: ='Integrated ROM'!G64 | F5: ='Integrated ROM'!H64 | G5: ='Integrated ROM'!I64 | H5: ='Integrated ROM'!J64 | I5: ='Integrated ROM'!K64 | J5: ='Integrated ROM'!L64
A6: Advanced Tools Tab | B6: ='Integrated ROM'!D77 | C6: ='Integrated ROM'!E77 | D6: ='Integrated ROM'!F77 | E6: ='Integrated ROM'!G77 | F6: ='Integrated ROM'!H77 | G6: ='Integrated ROM'!I77 | H6: ='Integrated ROM'!J77 | I6: ='Integrated ROM'!K77 | J6: ='Integrated ROM'!L77
A7: Outside Toolbar | B7: ='Integrated ROM'!D91 | C7: ='Integrated ROM'!E91 | D7: ='Integrated ROM'!F91 | E7: ='Integrated ROM'!G91 | F7: ='Integrated ROM'!H91 | G7: ='Integrated ROM'!I91 | H7: ='Integrated ROM'!J91 | I7: ='Integrated ROM'!K91 | J7: ='Integrated ROM'!L91
A8: Total ribbon/tool effort | B8: =SUM(B2:B7) | C8: =SUM(C2:C7) | D8: =SUM(D2:D7) | E8: =SUM(E2:E7) | F8: =SUM(F2:F7) | G8: =SUM(G2:G7) | H8: =SUM(H2:H7) | I8: =SUM(I2:I7) | J8: =SUM(J2:J7)

Sheet Assumptions
A1: DTP Production Application ROM | B1: Prepared 21 September 2026
A2: Architecture | B2: MapLibre + React frontend, FastAPI spatial API, PostGIS, AWS-hosted services and cached vector tiles.
A3: Estimate type | B3: First-pass person-hour ROM, generally rounded to 8-hour increments, with approximately ±30% uncertainty before requirements validation.
A4: Tool reuse | B4: A capability appearing in multiple ribbon tabs is implemented once. Secondary appearances are estimated as small shared launchers.
A5: PM treatment | B5: The detailed ribbon estimates are preserved from the agreed tables. Tool-level PM is covered by the project governance and delivery-management allowances rather than added to every tool.
A6: Reconciliation | B6: The detailed ribbon estimates replace the former Map controls and application panels, Print and reporting service, Map rendering and symbology, Data catalogue, and VicPlan and Radius business workflows rows to avoid double counting.
A7: Excluded / validate | B7: Third-party licence costs, data remediation at unknown scale, external service procurement, production support beyond warranty, and material scope changes are not included unless explicitly represented.
A8: Contingency | B8: 20% applied to the calculated base estimate. Change this percentage after discovery and risk review.

Sheet Validation
A1: Check | B1: Formula | C1: Expected
A2: Ribbon total | B2: ='Ribbon Summary'!B8 | C2: 3720
A3: Base total | B3: ='Integrated ROM'!D105 | C3: 5828
A4: Contingency | B4: ='Integrated ROM'!D106 | C4: 1166
A5: Grand total | B5: ='Integrated ROM'!D107 | C5: 6994
